{"importance": {"Pclass": 0.26074531985962135, "Parch": 0.14628706636860678, "Name": 0.1261729800577581, "Survived": 0.030201451245734635, "SibSp": 0.018515728767941986, "Embarked": 0.014046048506837393, "Cabin": 0.004615473849150509, "Ticket": 0.0009487421939093022, "PassengerId": -0.0029916666078577013, "Sex": -0.01684913371112524, "Fare": -0.028928783867737916}, "stddev": {"Pclass": 0.07563293087936528, "Parch": 0.04511629194526122, "Name": 0.03902587580697339, "Survived": 0.012224476654044084, "SibSp": 0.025558701136528944, "Embarked": 0.01106927596549132, "Cabin": 0.01823072589428429, "Ticket": 0.002304515163010904, "PassengerId": 0.013987392113105688, "Sex": 0.020501031790624687, "Fare": 0.01352778786812863}, "p_value": {"Pclass": 0.0007619804466108296, "Parch": 0.0009605649130461687, "Name": 0.000971099221078312, "Survived": 0.002621884960059284, "SibSp": 0.09028455877500344, "Embarked": 0.023495706203038445, "Cabin": 0.30078603391812475, "Ticket": 0.20468639540328526, "PassengerId": 0.6712836984001653, "Sex": 0.9300185351789424, "Fare": 0.9956179055636166}, "n": {"Pclass": 5, "Parch": 5, "Name": 5, "Survived": 5, "SibSp": 5, "Embarked": 5, "Cabin": 5, "Ticket": 5, "PassengerId": 5, "Sex": 5, "Fare": 5}, "p99_high": {"Pclass": 0.41647456989843035, "Parch": 0.239182135057322, "Name": 0.20652779773924193, "Survived": 0.05537181763663431, "SibSp": 0.07114144766684591, "Embarked": 0.03683784071343664, "Cabin": 0.04215279044089136, "Ticket": 0.005693770766333223, "PassengerId": 0.025808567079330866, "Sex": 0.025362774100142652, "Fare": -0.0010748816733628513}, "p99_low": {"Pclass": 0.10501606982081235, "Parch": 0.053391997679891556, "Name": 0.04581816237627426, "Survived": 0.005031084854834958, "SibSp": -0.03410999013096193, "Embarked": -0.00874574369976185, "Cabin": -0.03292184274259034, "Ticket": -0.003796286378514619, "PassengerId": -0.03179190029504627, "Sex": -0.05906104152239314, "Fare": -0.05678268606211298}}