{"r2": 0.25134287238227715, "root_mean_squared_error": -11.78151842251826, "mean_squared_error": -138.80417634013716, "mean_absolute_error": -9.705228448747755, "pearsonr": 0.5687133681220055, "median_absolute_error": -9.339729309082031}