{"importance": {"Parch": 0.2548124431302397, "Pclass": 0.20286559052123537, "Name": 0.14503406670713198, "SibSp": 0.0894628147938574, "Survived": 0.03724568765909002, "Cabin": 0.00601449382700252, "Embarked": 0.004374165592197765, "Ticket": 0.0012199837349517351, "Sex": -0.0031449016412498755, "PassengerId": -0.006880996795259042, "Fare": -0.014419543037804416}, "stddev": {"Parch": 0.04902777100398347, "Pclass": 0.04079404330452817, "Name": 0.0554113143493563, "SibSp": 0.031913527383948426, "Survived": 0.007397287283864846, "Cabin": 0.021045993378796816, "Embarked": 0.01195978111531284, "Ticket": 0.006764583930086321, "Sex": 0.007783805052145906, "PassengerId": 0.029654253297845882, "Fare": 0.008810150483621633}, "p_value": {"Parch": 0.00015664937399431308, "Pclass": 0.00018606935435694672, "Name": 0.002126022534973735, "SibSp": 0.0016527060398956977, "Survived": 0.00017728196503056156, "Cabin": 0.27878374989660326, "Embarked": 0.22968835677135524, "Ticket": 0.35368714332373796, "Sex": 0.791309862203575, "PassengerId": 0.6843786031093761, "Fare": 0.9892076096121596}, "n": {"Parch": 5, "Pclass": 5, "Name": 5, "SibSp": 5, "Survived": 5, "Cabin": 5, "Embarked": 5, "Ticket": 5, "Sex": 5, "PassengerId": 5, "Fare": 5}, "p99_high": {"Parch": 0.3557613012632499, "Pclass": 0.2868610895188564, "Name": 0.25912672881821014, "SibSp": 0.15517320876923085, "Survived": 0.05247680441794328, "Cabin": 0.04934848508048642, "Embarked": 0.028999520210368678, "Ticket": 0.015148355543485337, "Sex": 0.012882060544737374, "PassengerId": 0.05417752061034296, "Fare": 0.0037206785771927327}, "p99_low": {"Parch": 0.15386358499722952, "Pclass": 0.11887009152361432, "Name": 0.030941404596053823, "SibSp": 0.02375242081848393, "Survived": 0.022014570900236757, "Cabin": -0.037319497426481385, "Embarked": -0.020251189025973147, "Ticket": -0.012708388073581866, "Sex": -0.019171863827237123, "PassengerId": -0.06793951420086104, "Fare": -0.03255976465280157}}