{"task_type": "multiclass", "strategy": "ovr", "num_classes": 3, "classes": [1, 2, 3], "num_samples": 179, "roc_curve": {"auc_macro": 0.9919660923243465, "auc_weighted": 0.9930182351089779, "per_class": {"1": {"auc": 0.997093023255814, "fpr": [0.0, 0.0, 0.0, 0.007352941176470588, 0.007352941176470588, 0.04411764705882353, 0.04411764705882353, 0.07352941176470588, 0.07352941176470588, 0.11764705882352941, 0.1323529411764706, 0.14705882352941177, 0.16176470588235295, 0.19117647058823528, 0.20588235294117646, 0.21323529411764705, 0.2426470588235294, 0.2647058823529412, 0.3014705882352941, 0.3235294117647059, 0.3382352941176471, 0.4117647058823529, 0.47794117647058826, 0.5220588235294118, 0.6470588235294118, 1.0], "tpr": [0.0, 0.5581395348837209, 0.9302325581395349, 0.9302325581395349, 0.9534883720930233, 0.9534883720930233, 0.9767441860465116, 0.9767441860465116, 1.0, 1.0, 1.0, 1.0, 1.0, 1.0, 1.0, 1.0, 1.0, 1.0, 1.0, 1.0, 1.0, 1.0, 1.0, 1.0, 1.0, 1.0], "thresholds": ["inf", 1.0, 0.6133333444595337, 0.49000000953674316, 0.46000000834465027, 0.27000001072883606, 0.25, 0.17666666209697723, 0.1366666704416275, 0.07999999821186066, 0.07666666805744171, 0.05999999865889549, 0.05000000074505806, 0.046666666865348816, 0.04333333298563957, 0.03999999910593033, 0.036666665226221085, 0.029999999329447746, 0.02666666731238365, 0.023333333432674408, 0.019999999552965164, 0.013333333656191826, 0.009999999776482582, 0.006666666828095913, 0.0033333334140479565, 0.0], "support": 43}, "2": {"auc": 0.9842976779596498, "fpr": [0.0, 0.0, 0.0, 0.0, 0.0, 0.0, 0.0, 0.007042253521126761, 0.007042253521126761, 0.014084507042253521, 0.014084507042253521, 0.02112676056338028, 0.02112676056338028, 0.028169014084507043, 0.028169014084507043, 0.035211267605633804, 0.035211267605633804, 0.04225352112676056, 0.04225352112676056, 0.04929577464788732, 0.04929577464788732, 0.06338028169014084, 0.07746478873239436, 0.09859154929577464, 0.11267605633802817, 0.13380281690140844, 0.13380281690140844, 0.14788732394366197, 0.176056338028169, 0.20422535211267606, 0.21830985915492956, 0.22535211267605634, 0.23943661971830985, 0.24647887323943662, 0.2605633802816901, 0.29577464788732394, 0.30985915492957744, 0.323943661971831, 0.34507042253521125, 0.4014084507042254, 0.4295774647887324, 0.47183098591549294, 0.5492957746478874, 0.647887323943662, 1.0], "tpr": [0.0, 0.02702702702702703, 0.24324324324324326, 0.2972972972972973, 0.32432432432432434, 0.3783783783783784, 0.5405405405405406, 0.5405405405405406, 0.6486486486486487, 0.6486486486486487, 0.6756756756756757, 0.6756756756756757, 0.7027027027027027, 0.7027027027027027, 0.7297297297297297, 0.7567567567567568, 0.8648648648648649, 0.8648648648648649, 0.918918918918919, 0.918918918918919, 0.972972972972973, 0.972972972972973, 0.972972972972973, 0.972972972972973, 0.972972972972973, 0.972972972972973, 1.0, 1.0, 1.0, 1.0, 1.0, 1.0, 1.0, 1.0, 1.0, 1.0, 1.0, 1.0, 1.0, 1.0, 1.0, 1.0, 1.0, 1.0, 1.0], "thresholds": ["inf", 0.9333333373069763, 0.8899999856948853, 0.8866666555404663, 0.8666666746139526, 0.8633333444595337, 0.8333333134651184, 0.8266666531562805, 0.79666668176651, 0.7833333611488342, 0.7599999904632568, 0.746666669845581, 0.6933333277702332, 0.6833333373069763, 0.6200000047683716, 0.6133333444595337, 0.46000000834465027, 0.4533333480358124, 0.4166666567325592, 0.3733333349227905, 0.3499999940395355, 0.34333333373069763, 0.273333340883255, 0.24666666984558105, 0.22333332896232605, 0.17000000178813934, 0.14666666090488434, 0.1366666704416275, 0.12999999523162842, 0.10333333164453506, 0.09666666388511658, 0.09000000357627869, 0.08666666597127914, 0.07666666805744171, 0.07333333045244217, 0.0533333346247673, 0.05000000074505806, 0.04333333298563957, 0.03999999910593033, 0.019999999552965164, 0.013333333656191826, 0.009999999776482582, 0.006666666828095913, 0.0033333334140479565, 0.0], "support": 37}, "3": {"auc": 0.9945075757575759, "fpr": [0.0, 0.0, 0.0, 0.0, 0.0, 0.0, 0.0, 0.0, 0.0, 0.0, 0.0, 0.0, 0.0, 0.0, 0.0, 0.0, 0.0, 0.0125, 0.0125, 0.0125, 0.0125, 0.025, 0.025, 0.075, 0.075, 0.125, 0.15, 0.1625, 0.1875, 0.225, 0.2625, 0.3, 0.325, 0.3375, 0.4375, 0.45, 0.55, 0.6375, 0.6625, 1.0], "tpr": [0.0, 0.23232323232323232, 0.32323232323232326, 0.4444444444444444, 0.5252525252525253, 0.5858585858585859, 0.5959595959595959, 0.6161616161616161, 0.6565656565656566, 0.696969696969697, 0.7070707070707071, 0.7474747474747475, 0.7878787878787878, 0.8080808080808081, 0.8181818181818182, 0.8383838383838383, 0.8686868686868687, 0.8686868686868687, 0.898989898989899, 0.9191919191919192, 0.9494949494949495, 0.9494949494949495, 0.9696969696969697, 0.9696969696969697, 0.98989898989899, 0.98989898989899, 0.98989898989899, 0.98989898989899, 0.98989898989899, 0.98989898989899, 1.0, 1.0, 1.0, 1.0, 1.0, 1.0, 1.0, 1.0, 1.0, 1.0], "thresholds": ["inf", 1.0, 0.996666669845581, 0.9933333396911621, 0.9866666793823242, 0.9766666889190674, 0.9733333587646484, 0.9700000286102295, 0.9566666483879089, 0.9466666579246521, 0.9433333277702332, 0.9233333468437195, 0.8999999761581421, 0.8833333253860474, 0.8799999952316284, 0.8766666650772095, 0.8533333539962769, 0.8299999833106995, 0.8100000023841858, 0.7400000095367432, 0.6000000238418579, 0.5366666913032532, 0.5233333110809326, 0.3333333432674408, 0.18666666746139526, 0.16333332657814026, 0.1366666704416275, 0.12333333492279053, 0.11666666716337204, 0.10333333164453506, 0.10000000149011612, 0.09666666388511658, 0.09333333373069763, 0.09000000357627869, 0.07666666805744171, 0.06666667014360428, 0.0533333346247673, 0.006666666828095913, 0.0033333334140479565, 0.0], "support": 99}}}, "precision_recall_curve": {"average_precision_macro": 0.9765005197969572, "average_precision_weighted": 0.9836974868986978, "per_class": {"1": {"average_precision": 0.992151423974592, "precision": [0.24022346368715083, 0.3282442748091603, 0.37719298245614036, 0.39814814814814814, 0.43434343434343436, 0.4574468085106383, 0.48314606741573035, 0.4942528735632184, 0.5119047619047619, 0.5443037974683544, 0.5657894736842105, 0.5972222222222222, 0.6056338028169014, 0.6231884057971014, 0.6615384615384615, 0.6825396825396826, 0.6935483870967742, 0.7049180327868853, 0.7288135593220338, 0.7413793103448276, 0.7543859649122807, 0.7678571428571429, 0.7818181818181819, 0.7962962962962963, 0.8113207547169812, 0.8076923076923077, 0.8235294117647058, 0.84, 0.8571428571428571, 0.875, 0.8723404255319149, 0.8913043478260869, 0.9111111111111111, 0.9318181818181818, 0.9534883720930233, 0.9761904761904762, 0.975609756097561, 1.0, 1.0, 1.0, 1.0, 1.0, 1.0, 1.0, 1.0, 1.0, 1.0, 1.0, 1.0, 1.0, 1.0, 1.0, 1.0, 1.0, 1.0], "recall": [1.0, 1.0, 1.0, 1.0, 1.0, 1.0, 1.0, 1.0, 1.0, 1.0, 1.0, 1.0, 1.0, 1.0, 1.0, 1.0, 1.0, 1.0, 1.0, 1.0, 1.0, 1.0, 1.0, 1.0, 1.0, 0.9767441860465116, 0.9767441860465116, 0.9767441860465116, 0.9767441860465116, 0.9767441860465116, 0.9534883720930233, 0.9534883720930233, 0.9534883720930233, 0.9534883720930233, 0.9534883720930233, 0.9534883720930233, 0.9302325581395349, 0.9302325581395349, 0.9069767441860465, 0.8837209302325582, 0.8604651162790697, 0.8372093023255814, 0.813953488372093, 0.7906976744186046, 0.7674418604651163, 0.7441860465116279, 0.7209302325581395, 0.6976744186046512, 0.6744186046511628, 0.6511627906976745, 0.627906976744186, 0.6046511627906976, 0.5813953488372093, 0.5581395348837209, 0.0],