{"importance": {"Fare": 0.45586592178770946, "Age": 0.06703910614525137, "Cabin": 0.05921787709497202, "SibSp": 0.0536312849162011, "Parch": 0.036871508379888215, "Name": 0.010055865921787688, "Survived": 0.006703910614525088, "PassengerId": 0.0055865921787709326, "Sex": 0.004469273743016711, "Ticket": 0.0, "Embarked": -0.0033519553072625997}, "stddev": {"Fare": 0.009348156721051114, "Age": 0.007900634426665347, "Cabin": 0.014022235081576696, "SibSp": 0.007495199924580309, "Parch": 0.012239610223579141, "Name": 0.0061198051117895445, "Survived": 0.0061198051117895445, "PassengerId": 0.007900634426665307, "Sex": 0.0024983999748600725, "Ticket": 0.0, "Embarked": 0.00305990255589481}, "p_value": {"Fare": 2.120768245101464e-08, "Age": 2.2725647862728647e-05, "Cabin": 0.00035063009034872405, "SibSp": 4.4608271190530695e-05, "Parch": 0.0012654039076910601, "Name": 0.010655820564378317, "Survived": 0.03524199845511036, "PassengerId": 0.09450182922758754, "Sex": 0.008065044950046259, "Ticket": 0.5, "Embarked": 0.96475800154489}, "n": {"Fare": 5, "Age": 5, "Cabin": 5, "SibSp": 5, "Parch": 5, "Name": 5, "Survived": 5, "PassengerId": 5, "Sex": 5, "Ticket": 5, "Embarked": 5}, "p99_high": {"Fare": 0.4751139056816103, "Age": 0.0833066216281277, "Cabin": 0.08808985293582339, "SibSp": 0.06906400515558402, "Parch": 0.06207303499962874, "Name": 0.022656629231657895, "Survived": 0.019304673924395294, "PassengerId": 0.021854107661647183, "Sex": 0.009613513822810952, "Ticket": 0.0, "Embarked": 0.002948426347672581}, "p99_low": {"Fare": 0.4366179378938086, "Age": 0.050771590662375035, "Cabin": 0.030345901254120643, "SibSp": 0.03819856467681819, "Parch": 0.011669981760147694, "Name": -0.0025448973880825183, "Survived": -0.0058968526953451185, "PassengerId": -0.010680923304105316, "Sex": -0.0006749663367775294, "Ticket": 0.0, "Embarked": -0.00965233696219778}}