{"accuracy": 0.9441340782122905, "balanced_accuracy": 0.9293500688849526, "mcc": 0.9056724270010208}