{"task_type": "multiclass", "strategy": "ovr", "num_classes": 3, "classes": [1, 2, 3], "num_samples": 179, "roc_curve": {"auc_macro": 0.9917141032321858, "auc_weighted": 0.9930845672126748, "per_class": {"1": {"auc": 0.9978625170998632, "fpr": [0.0, 0.0, 0.0, 0.0, 0.0, 0.0, 0.014705882352941176, 0.014705882352941176, 0.022058823529411766, 0.022058823529411766, 0.051470588235294115, 0.058823529411764705, 0.11764705882352941, 0.16176470588235295, 0.19117647058823528, 0.25735294117647056, 0.2867647058823529, 0.34558823529411764, 0.40441176470588236, 0.4264705882352941, 0.4338235294117647, 0.4632352941176471, 0.5147058823529411, 0.5588235294117647, 0.6323529411764706, 0.7279411764705882, 1.0], "tpr": [0.0, 0.06976744186046512, 0.23255813953488372, 0.5116279069767442, 0.5813953488372093, 0.9302325581395349, 0.9302325581395349, 0.9534883720930233, 0.9534883720930233, 0.9767441860465116, 0.9767441860465116, 1.0, 1.0, 1.0, 1.0, 1.0, 1.0, 1.0, 1.0, 1.0, 1.0, 1.0, 1.0, 1.0, 1.0, 1.0, 1.0], "thresholds": ["inf", 1.0, 0.996666669845581, 0.9900000095367432, 0.9866666793823242, 0.5899999737739563, 0.44999998807907104, 0.3633333444595337, 0.36000001430511475, 0.3166666626930237, 0.25999999046325684, 0.23666666448116302, 0.07333333045244217, 0.05666666850447655, 0.0533333346247673, 0.04333333298563957, 0.036666665226221085, 0.029999999329447746, 0.02666666731238365, 0.023333333432674408, 0.019999999552965164, 0.01666666753590107, 0.013333333656191826, 0.009999999776482582, 0.006666666828095913, 0.0033333334140479565, 0.0], "support": 43}, "2": {"auc": 0.9822040350209366, "fpr": [0.0, 0.0, 0.0, 0.0, 0.0, 0.0, 0.0, 0.0, 0.014084507042253521, 0.014084507042253521, 0.02112676056338028, 0.04225352112676056, 0.04225352112676056, 0.04225352112676056, 0.04929577464788732, 0.04929577464788732, 0.07042253521126761, 0.07042253521126761, 0.11267605633802817, 0.11267605633802817, 0.14084507042253522, 0.1619718309859155, 0.20422535211267606, 0.22535211267605634, 0.2535211267605634, 0.28169014084507044, 0.2887323943661972, 0.3028169014084507, 0.34507042253521125, 0.352112676056338, 0.38028169014084506, 0.3873239436619718, 0.4014084507042254, 0.4084507042253521, 0.4225352112676056, 0.45774647887323944, 0.5070422535211268, 0.5422535211267606, 0.5633802816901409, 0.6408450704225352, 0.7323943661971831, 0.8802816901408451, 1.0], "tpr": [0.0, 0.02702702702702703, 0.08108108108108109, 0.1891891891891892, 0.24324324324324326, 0.2972972972972973, 0.40540540540540543, 0.4864864864864865, 0.4864864864864865, 0.7297297297297297, 0.7567567567567568, 0.7567567567567568, 0.8108108108108109, 0.8918918918918919, 0.8918918918918919, 0.918918918918919, 0.918918918918919, 0.972972972972973, 0.972972972972973, 1.0, 1.0, 1.0, 1.0, 1.0, 1.0, 1.0, 1.0, 1.0, 1.0, 1.0, 1.0, 1.0, 1.0, 1.0, 1.0, 1.0, 1.0, 1.0, 1.0, 1.0, 1.0, 1.0, 1.0], "thresholds": ["inf", 0.8999999761581421, 0.8500000238418579, 0.8433333039283752, 0.8366666436195374, 0.8299999833106995, 0.7766666412353516, 0.7666666507720947, 0.7566666603088379, 0.6100000143051147, 0.5799999833106995, 0.5099999904632568, 0.4933333396911621, 0.4399999976158142, 0.4166666567325592, 0.4099999964237213, 0.3033333420753479, 0.30000001192092896, 0.2199999988079071, 0.20999999344348907, 0.18666666746139526, 0.18333333730697632, 0.1433333307504654, 0.12999999523162842, 0.09666666388511658, 0.07000000029802322, 0.06666667014360428, 0.06333333253860474, 0.0533333346247673, 0.046666666865348816, 0.04333333298563957, 0.03999999910593033, 0.03333333507180214, 0.029999999329447746, 0.02666666731238365, 0.023333333432674408, 0.019999999552965164, 0.01666666753590107, 0.013333333656191826, 0.009999999776482582, 0.006666666828095913, 0.0033333334140479565, 0.0], "support": 37}, "3": {"auc": 0.9950757575757576, "fpr": [0.0, 0.0, 0.0, 0.0, 0.0, 0.0, 0.0, 0.0, 0.0, 0.0, 0.0, 0.0, 0.0, 0.0, 0.0, 0.0, 0.0, 0.0, 0.0, 0.0, 0.0, 0.0, 0.0, 0.0, 0.0, 0.0, 0.0, 0.0125, 0.0125, 0.0625, 0.0625, 0.1375, 0.15, 0.1625, 0.1875, 0.2, 0.25, 0.275, 0.3125, 0.3375, 0.375, 0.4, 0.45, 0.475, 0.5125, 0.5375, 0.5625, 0.675, 0.7375, 0.8125, 1.0], "tpr": [0.0, 0.1111111111111111, 0.21212121212121213, 0.3333333333333333, 0.35353535353535354, 0.3939393939393939, 0.41414141414141414, 0.45454545454545453, 0.5151515151515151, 0.5656565656565656, 0.5757575757575758, 0.5959595959595959, 0.6060606060606061, 0.6464646464646465, 0.6565656565656566, 0.6767676767676768, 0.6868686868686869, 0.7070707070707071, 0.7171717171717171, 0.7373737373737373, 0.7575757575757576, 0.797979797979798, 0.8181818181818182, 0.8383838383838383, 0.8686868686868687, 0.8888888888888888, 0.898989898989899, 0.898989898989899, 0.9696969696969697, 0.9696969696969697, 0.9797979797979798, 0.9797979797979798, 0.98989898989899, 0.98989898989899, 0.98989898989899, 1.0, 1.0, 1.0, 1.0, 1.0, 1.0, 1.0, 1.0, 1.0, 1.0, 1.0, 1.0, 1.0, 1.0, 1.0, 1.0], "thresholds": ["inf", 1.0, 0.996666669845581, 0.9900000095367432, 0.9866666793823242, 0.9833333492279053, 0.9800000190734863, 0.9766666889190674, 0.9700000286102295, 0.9666666388511658, 0.9633333086967468, 0.949999988079071, 0.9466666579246521, 0.9399999976158142, 0.9366666674613953, 0.9333333373069763, 0.9300000071525574, 0.9266666769981384, 0.9200000166893005, 0.9166666865348816, 0.8733333349227905, 0.8533333539962769, 0.8199999928474426, 0.8100000023841858, 0.79666668176651, 0.7933333516120911, 0.7766666412353516, 0.7666666507720947, 0.5266666412353516, 0.41333332657814026, 0.38999998569488525, 0.2199999988079071, 0.21666666865348816, 0.20666666328907013, 0.1899999976158142, 0.18666666746139526, 0.1433333307504654, 0.14000000059604645, 0.12999999523162842, 0.12666666507720947, 0.12333333492279053, 0.11999999731779099, 0.11666666716337204, 0.10999999940395355, 0.10333333164453506, 0.08666666597127914, 0.0833333358168602, 0.009999999776482582, 0.006666666828095913, 0.0033333334140479565, 0.0], "support": 99}}}, "precision_recall_curve": {"average_precision_macro": 0.9737789636753552, "average_precision_weighted": 0.9822289174104456, "per_class": {"1": {"average_precision": 0.9937199758215888, "precision": [0.24022346368715083, 0.3028169014084507, 0.3333333333333333, 0.36134453781512604, 0.3805309734513274, 0.4056603773584906, 0.4215686274509804, 0.42574257425742573, 0.4387755102040816, 0.4777777777777778, 0.5, 0.524390243902439, 0.5375, 0.5512820512820513, 0.5733333333333334, 0.5972222222222222, 0.6231884057971014, 0.6615384615384615, 0.6825396825396826, 0.7049180327868853, 0.7288135593220338, 0.7413793103448276, 0.7543859649122807, 0.7678571428571429, 0.7818181818181819, 0.7962962962962963, 0.8113207547169812, 0.8269230769230769, 0.8431372549019608, 0.8571428571428571, 0.875, 0.8936170212765957, 0.9130434782608695, 0.9333333333333333, 0.9318181818181818, 0.9534883720930233, 0.9523809523809523, 0.975609756097561, 1.0, 1.0, 1.0, 1.0, 1.0, 1.0, 1.0, 1.0, 1.0, 1.0, 1.0, 1.0, 1.0, 1.0, 1.0, 1.0, 1.0, 1.0, 1.0, 1.0, 1.0], "recall": [1.0, 1.0, 1.0, 1.0, 1.0, 1.0, 1.0, 1.0, 1.0, 1.0, 1.0, 1.0, 1.0, 1.0, 1.0, 1.0, 1.0, 1.0, 1.0, 1.0, 1.0, 1.0, 1.0, 1.0, 1.0, 1.0, 1.0, 1.0, 1.0, 0.9767441860465116, 0.9767441860465116, 0.9767441860465116, 0.9767441860465116, 0.9767441860465116, 0.9534883720930233, 0.9534883720930233, 0.9302325581395349, 0.9302325581395349, 0.9302325581395349, 0.9069767441860465, 0.8837209302325582, 0.8604651162790697, 0.8372093023255814, 0.813953488372093, 0.7906976744186046, 0.7674418604651163, 0.7441860465116279, 0.7209302325581395, 0.6976744186046512, 0.6744186046511628, 0.6511627906976745, 0.627906976744186, 0.6046511627906976, 0.5813953488372093, 0.5116279069767442, 0.37209302325581395, 0.23255813953488372, 0.06976744186046512, 0.0],