{"importance": {"Fare": 0.43575418994413406, "Age": 0.06703910614525137, "SibSp": 0.06368715083798877, "Cabin": 0.05586592178770944, "Parch": 0.03798882681564242, "Survived": 0.011173184357541843, "Name": 0.010055865921787666, "PassengerId": 0.007821229050279311, "Sex": 0.003351955307262533, "Ticket": 0.0, "Embarked": -0.0022346368715083996}, "stddev": {"Fare": 0.009676261494798187, "Age": 0.005586592178770944, "SibSp": 0.010890273010959708, "Cabin": 0.015299512779473919, "Parch": 0.010746024615458854, "Survived": 0.009676261494798187, "Name": 0.009179707667684308, "PassengerId": 0.0049967999497202015, "Sex": 0.0030599025558947493, "Ticket": 0.0, "Embarked": 0.00305990255589481}, "p_value": {"Fare": 2.9158143331962987e-08, "Age": 5.7338414867914676e-06, "SibSp": 9.871528406590804e-05, "Cabin": 0.0006124575615953068, "Parch": 0.0006927534551098343, "Survived": 0.03059940981875652, "Name": 0.03524199845510994, "PassengerId": 0.01244808173011148, "Sex": 0.03524199845510997, "Ticket": 0.5, "Embarked": 0.9110960958218894}, "n": {"Fare": 5, "Age": 5, "SibSp": 5, "Cabin": 5, "Parch": 5, "Survived": 5, "Name": 5, "PassengerId": 5, "Sex": 5, "Ticket": 5, "Embarked": 5}, "p99_high": {"Fare": 0.45567774610207007, "Age": 0.07854197665625035, "SibSp": 0.08611037348712366, "Cabin": 0.08736783006238508, "Parch": 0.060115040024716355, "Survived": 0.03109674051547785, "Name": 0.028957010886592957, "PassengerId": 0.01810970920986791, "Sex": 0.009652336962197588, "Ticket": 0.0, "Embarked": 0.004065744783426781}, "p99_low": {"Fare": 0.41583063378619806, "Age": 0.05553623563425239, "SibSp": 0.04126392818885388, "Cabin": 0.0243640135130338, "Parch": 0.01586261360656848, "Survived": -0.008750371800394164, "Name": -0.008845279043017627, "PassengerId": -0.0024672511093092857, "Sex": -0.002948426347672523, "Ticket": 0.0, "Embarked": -0.00853501852644358}}