{"accuracy": 0.9441340782122905, "balanced_accuracy": 0.9306071399094655, "mcc": 0.9063813232169146}