{"importance": {"Name": 0.12513966480446928, "Pclass": 0.10502793296089383, "Sex": 0.09385474860335193, "Age": 0.014525139664804421, "SibSp": 0.010055865921787666, "Fare": 0.007821229050279288, "Parch": 0.0022346368715083554, "Embarked": 0.0, "Ticket": 0.0, "PassengerId": -0.008938547486033533, "Cabin": -0.01229050279329611}, "stddev": {"Name": 0.015094140878331058, "Pclass": 0.015502164162582812, "Sex": 0.01869631344210225, "Age": 0.01158460410800432, "SibSp": 0.004674078360525563, "Fare": 0.00636969511228567, "Parch": 0.0030599025558947493, "Embarked": 0.0, "Ticket": 0.0, "PassengerId": 0.00636969511228569, "Cabin": 0.004674078360525563}, "p_value": {"Name": 2.4914771665892876e-05, "Pclass": 5.533757874588061e-05, "Sex": 0.00017936763018872615, "Age": 0.02431511692865338, "SibSp": 0.004290459360962459, "Fare": 0.025802978905587543, "Parch": 0.08890390417811055, "Embarked": 0.5, "Ticket": 0.5, "PassengerId": 0.9825401466627306, "Cabin": 0.9979094639321798}, "n": {"Name": 5, "Pclass": 5, "Sex": 5, "Age": 5, "SibSp": 5, "Fare": 5, "Parch": 5, "Embarked": 5, "Ticket": 5, "PassengerId": 5, "Cabin": 5}, "p99_high": {"Name": 0.15621870949615044, "Pclass": 0.13694710323433046, "Sex": 0.13235071639115373, "Age": 0.03837799963942978, "SibSp": 0.019679857868738118, "Fare": 0.020936519325017867, "Parch": 0.008535018526443412, "Embarked": 0.0, "Ticket": 0.0, "PassengerId": 0.004176742788705088, "Cabin": -0.0026665108463456554}, "p99_low": {"Name": 0.09406062011278812, "Pclass": 0.07310876268745721, "Sex": 0.05535878081555012, "Age": -0.009327720309820943, "SibSp": 0.000431873974837212, "Fare": -0.005294061224459291, "Parch": -0.0040657447834267, "Embarked": 0.0, "Ticket": 0.0, "PassengerId": -0.022053837760772153, "Cabin": -0.021914494740246565}}