{"task_type": "binary", "positive_class": 1, "num_samples": 179, "num_positive": 69, "num_negative": 110, "roc_curve": {"auc": 0.8521739130434783, "fpr": [0.0, 0.0, 0.0, 0.00909090909090909, 0.01818181818181818, 0.01818181818181818, 0.01818181818181818, 0.01818181818181818, 0.045454545454545456, 0.045454545454545456, 0.05454545454545454, 0.05454545454545454, 0.06363636363636363, 0.06363636363636363, 0.07272727272727272, 0.07272727272727272, 0.08181818181818182, 0.08181818181818182, 0.09090909090909091, 0.09090909090909091, 0.10909090909090909, 0.10909090909090909, 0.11818181818181818, 0.11818181818181818, 0.13636363636363635, 0.13636363636363635, 0.14545454545454545, 0.14545454545454545, 0.18181818181818182, 0.18181818181818182, 0.2, 0.2, 0.20909090909090908, 0.20909090909090908, 0.22727272727272727, 0.22727272727272727, 0.2909090909090909, 0.2909090909090909, 0.42727272727272725, 0.42727272727272725, 0.6, 0.6, 0.6727272727272727, 0.6909090909090909, 0.7181818181818181, 0.7363636363636363, 0.7818181818181819, 0.7818181818181819, 0.8363636363636363, 0.8545454545454545, 0.8636363636363636, 0.8636363636363636, 0.9181818181818182, 1.0], "tpr": [0.0, 0.10144927536231885, 0.14492753623188406, 0.21739130434782608, 0.21739130434782608, 0.2318840579710145, 0.3188405797101449, 0.36231884057971014, 0.4057971014492754, 0.4492753623188406, 0.4492753623188406, 0.5072463768115942, 0.5072463768115942, 0.6231884057971014, 0.6376811594202898, 0.6521739130434783, 0.6521739130434783, 0.6666666666666666, 0.6666666666666666, 0.6956521739130435, 0.6956521739130435, 0.7101449275362319, 0.7101449275362319, 0.7246376811594203, 0.7246376811594203, 0.7681159420289855, 0.7681159420289855, 0.7971014492753623, 0.7971014492753623, 0.8260869565217391, 0.8260869565217391, 0.8405797101449275, 0.8405797101449275, 0.855072463768116, 0.855072463768116, 0.8695652173913043, 0.8695652173913043, 0.8840579710144928, 0.8840579710144928, 0.8985507246376812, 0.8985507246376812, 0.9130434782608695, 0.9130434782608695, 0.9130434782608695, 0.9130434782608695, 0.9130434782608695, 0.9130434782608695, 0.927536231884058, 0.927536231884058, 0.927536231884058, 0.927536231884058, 0.9565217391304348, 0.9565217391304348, 1.0], "thresholds": ["inf", 0.7934112548828125, 0.7892372608184814, 0.7846693992614746, 0.7803677320480347, 0.7765058279037476, 0.7694621086120605, 0.7645993828773499, 0.7627252340316772, 0.7514271140098572, 0.7475889325141907, 0.737432062625885, 0.734931230545044, 0.6921166181564331, 0.6892850399017334, 0.6779641509056091, 0.6638357043266296, 0.6591238975524902, 0.5583069920539856, 0.54755699634552, 0.5303731560707092, 0.5244876742362976, 0.5216925144195557, 0.5196765065193176, 0.48296570777893066, 0.4251445233821869, 0.4017443358898163, 0.39649754762649536, 0.3915177583694458, 0.37564966082572937, 0.36270639300346375, 0.35784390568733215, 0.34083905816078186, 0.3371431827545166, 0.3229842483997345, 0.3041591942310333, 0.27447450160980225, 0.2742670774459839, 0.22782917320728302, 0.22437232732772827, 0.19188521802425385, 0.19014385342597961, 0.18040867149829865, 0.1800050139427185, 0.17640593647956848, 0.17534086108207703, 0.16884513199329376, 0.16851398348808289, 0.16288039088249207, 0.16263683140277863, 0.15996643900871277, 0.15364518761634827, 0.14710131287574768, 0.14304719865322113], "support": 69}, "precision_recall_curve": {"average_precision": 0.8187404568432243, "precision": [0.3854748603351955, 0.39520958083832336, 0.39759036144578314, 0.4, 0.4024390243902439, 0.4049079754601227, 0.4074074074074074, 0.40993788819875776, 0.40625, 0.4025157232704403, 0.4050632911392405, 0.41025641025641024, 0.4129032258064516, 0.4155844155844156, 0.41830065359477125, 0.42105263157894735, 0.423841059602649, 0.4266666666666667, 0.4228187919463087, 0.42567567567567566, 0.42857142857142855, 0.4315068493150685, 0.43448275862068964, 0.4375, 0.44366197183098594, 0.44680851063829785, 0.45, 0.45323741007194246, 0.45985401459854014, 0.4632352941176471, 0.4666666666666667, 0.4701492537313433, 0.47368421052631576, 0.4772727272727273, 0.48091603053435117, 0.4846153846153846, 0.4883720930232558, 0.484375, 0.4881889763779528, 0.49206349206349204, 0.496, 0.5, 0.5040650406504065, 0.5081967213114754, 0.512396694214876, 0.5166666666666667, 0.5210084033613446, 0.5254237288135594, 0.5299145299145299, 0.5344827586206896, 0.5391304347826087, 0.543859649122807, 0.5486725663716814, 0.5535714285714286, 0.5585585585585585, 0.5636363636363636, 0.5688073394495413, 0.5648148148148148, 0.5700934579439252, 0.5754716981132075, 0.580952380952381, 0.5865384615384616, 0.5922330097087378, 0.5980392156862745, 0.6039603960396039, 0.61, 0.6161616161616161, 0.6224489795918368, 0.6288659793814433, 0.6354166666666666, 0.6421052631578947, 0.648936170212766, 0.6559139784946236, 0.6521739130434783, 0.6593406593406593, 0.6666666666666666, 0.6741573033707865, 0.6818181818181818, 0.6896551724137931, 0.6976744186046512, 0.7058823529411765, 0.7023809523809523, 0.7108433734939759, 0.7195121951219512, 0.7160493827160493, 0.725, 0.7215189873417721, 0.7307692307692307, 0.7402597402597403, 0.7368421052631579, 0.7333333333333333, 0.7746478873239436, 0.7714285714285715, 0.7681159420289855, 0.7794117647058824, 0.7761194029850746, 0.7727272727272727, 0.7692307692307693, 0.78125, 0.7936507936507936, 0.7903225806451613, 0.8032786885245902, 0.8, 0.8135593220338984, 0.8275862068965517, 0.8245614035087719, 0.8214285714285714, 0.8363636363636363, 0.8333333333333334, 0.8490566037735849, 0.8461538461538461, 0.86, 0.8571428571428571, 0.8541666666666666, 0.851063829787234, 0.8478260869565217, 0.8444444444444444, 0.8409090909090909, 0.8372093023255814, 0.8333333333333334, 0.8536585365853658, 0.85, 0.8461538461538461, 0.8421052631578947, 0.8378378378378378, 0.8611111111111112, 0.8571428571428571, 0.8529411764705882, 0.8484848484848485, 0.9259259259259259, 0.9230769230769231, 0.92, 0.9166666666666666, 0.9090909090909091, 0.9, 0.8888888888888888, 0.8823529411764706, 0.9375, 1.0, 1.0, 1.0],