{"importance": {"Name": 0.14636871508379892, "Pclass": 0.11508379888268158, "Sex": 0.08156424581005588, "Age": 0.015642458100558643, "Fare": 0.01117318435754191, "Embarked": 0.0, "Parch": 0.0, "Ticket": 0.0, "SibSp": -0.0011173184357541777, "PassengerId": -0.0022346368715083554, "Cabin": -0.011173184357541865}, "stddev": {"Name": 0.028867062978243187, "Pclass": 0.012861301042705386, "Sex": 0.01609481596747257, "Age": 0.006119805111789559, "Fare": 0.01045155694629593, "Embarked": 0.0, "Parch": 0.0, "Ticket": 0.0, "SibSp": 0.002498399974860073, "PassengerId": 0.00636969511228569, "Cabin": 0.003950317213332664}, "p_value": {"Name": 0.00017250610344736122, "Pclass": 1.8410534729528216e-05, "Sex": 0.00017286557098364786, "Age": 0.002317919708952206, "Fare": 0.0375652273126148, "Embarked": 0.5, "Parch": 0.5, "Ticket": 0.5, "SibSp": 0.8130495168499705, "PassengerId": 0.761689666363577, "Cabin": 0.9984008989238323}, "n": {"Name": 5, "Pclass": 5, "Sex": 5, "Age": 5, "Fare": 5, "Embarked": 5, "Parch": 5, "Ticket": 5, "SibSp": 5, "PassengerId": 5, "Cabin": 5}, "p99_high": {"Name": 0.2058063967412125, "Pclass": 0.14156539549168332, "Sex": 0.11470369434107894, "Age": 0.02824322141042888, "Fare": 0.032693084565833676, "Embarked": 0.0, "Parch": 0.0, "Ticket": 0.0, "SibSp": 0.004026921644040064, "PassengerId": 0.010880653403230266, "Cabin": -0.003039426616103718}, "p99_low": {"Name": 0.08693103342638533, "Pclass": 0.08860220227367985, "Sex": 0.04842479727903281, "Age": 0.0030416947906884047, "Fare": -0.010346715850749857, "Embarked": 0.0, "Parch": 0.0, "Ticket": 0.0, "SibSp": -0.006261558515548419, "PassengerId": -0.015349927146246976, "Cabin": -0.019306942098980012}}