{"accuracy": 0.8156424581005587, "balanced_accuracy": 0.7986824769433465, "mcc": 0.6066269783698854, "roc_auc": 0.8521739130434782, "f1": 0.7518796992481203, "precision": 0.78125, "recall": 0.7246376811594203}