{"importance": {"Parch": 0.21754255318606086, "Pclass": 0.20485472452786252, "Name": 0.18158439799221168, "SibSp": 0.1590017083242298, "Cabin": 0.045675737603442415, "Survived": 0.04416514395851845, "Ticket": 0.0027131041310257896, "Embarked": -0.002852164373814725, "Sex": -0.0037188981167282755, "PassengerId": -0.01273542595924515, "Fare": -0.01901856682312495}, "stddev": {"Parch": 0.06569002776813981, "Pclass": 0.053540677837806847, "Name": 0.08814843540743784, "SibSp": 0.03560273034814379, "Cabin": 0.026498666782895506, "Survived": 0.014669357080825474, "Ticket": 0.00913433732457102, "Embarked": 0.02220932902227896, "Sex": 0.00735635668544198, "PassengerId": 0.038888933857371494, "Fare": 0.016327602941046692}, "p_value": {"Parch": 0.00088708282250368, "Pclass": 0.0005123634734034665, "Name": 0.004991837084985866, "SibSp": 0.0002825000091893306, "Cabin": 0.009117731203622205, "Survived": 0.0012681747008255247, "Ticket": 0.27145712393062327, "Embarked": 0.6058742608895182, "Sex": 0.8392542778920233, "PassengerId": 0.7477010024963382, "Fare": 0.9701207510263404}, "n": {"Parch": 5, "Pclass": 5, "Name": 5, "SibSp": 5, "Cabin": 5, "Survived": 5, "Ticket": 5, "Embarked": 5, "Sex": 5, "PassengerId": 5, "Fare": 5}, "p99_high": {"Parch": 0.3527992282933313, "Pclass": 0.31509572020671617, "Name": 0.3630832448369777, "SibSp": 0.23230822219308528, "Cabin": 0.10023685875992097, "Survived": 0.0743695529399996, "Ticket": 0.02152083093227604, "Embarked": 0.04287715104860624, "Sex": 0.011427941974251316, "PassengerId": 0.06733742635526949, "Fare": 0.014600193303945137}, "p99_low": {"Parch": 0.08228587807879043, "Pclass": 0.0946137288490089, "Name": 8.555114744568382e-05, "SibSp": 0.08569519445537434, "Cabin": -0.008885383553036134, "Survived": 0.013960734977037304, "Ticket": -0.016094622670224462, "Embarked": -0.04858147979623569, "Sex": -0.018865738207707868, "PassengerId": -0.09280827827375979, "Fare": -0.05263732695019504}}