{"task_type": "multiclass", "strategy": "ovr", "num_classes": 3, "classes": [1, 2, 3], "num_samples": 179, "roc_curve": {"auc_macro": 0.990581246286459, "auc_weighted": 0.9918884775957751, "per_class": {"1": {"auc": 0.9968365253077975, "fpr": [0.0, 0.0, 0.0, 0.0, 0.007352941176470588, 0.007352941176470588, 0.03676470588235294, 0.04411764705882353, 0.08823529411764706, 0.08823529411764706, 0.09558823529411764, 0.11029411764705882, 0.11764705882352941, 0.1323529411764706, 0.15441176470588236, 0.18382352941176472, 0.21323529411764705, 0.22794117647058823, 0.25735294117647056, 0.27205882352941174, 0.29411764705882354, 0.3382352941176471, 0.38235294117647056, 0.4338235294117647, 0.5514705882352942, 0.625, 1.0], "tpr": [0.0, 0.46511627906976744, 0.627906976744186, 0.9302325581395349, 0.9302325581395349, 0.9534883720930233, 0.9534883720930233, 0.9767441860465116, 0.9767441860465116, 1.0, 1.0, 1.0, 1.0, 1.0, 1.0, 1.0, 1.0, 1.0, 1.0, 1.0, 1.0, 1.0, 1.0, 1.0, 1.0, 1.0, 1.0], "thresholds": ["inf", 1.0, 0.996666669845581, 0.5833333134651184, 0.4833333194255829, 0.4000000059604645, 0.273333340883255, 0.25333333015441895, 0.14666666090488434, 0.13333334028720856, 0.12666666507720947, 0.1133333370089531, 0.09666666388511658, 0.08666666597127914, 0.05999999865889549, 0.0533333346247673, 0.03999999910593033, 0.036666665226221085, 0.03333333507180214, 0.029999999329447746, 0.02666666731238365, 0.01666666753590107, 0.013333333656191826, 0.009999999776482582, 0.006666666828095913, 0.0033333334140479565, 0.0], "support": 43}, "2": {"auc": 0.9811572135515798, "fpr": [0.0, 0.0, 0.0, 0.0, 0.0, 0.0, 0.0, 0.007042253521126761, 0.007042253521126761, 0.02112676056338028, 0.02112676056338028, 0.028169014084507043, 0.028169014084507043, 0.035211267605633804, 0.035211267605633804, 0.035211267605633804, 0.04225352112676056, 0.04225352112676056, 0.056338028169014086, 0.056338028169014086, 0.06338028169014084, 0.06338028169014084, 0.1267605633802817, 0.1267605633802817, 0.15492957746478872, 0.19014084507042253, 0.20422535211267606, 0.21830985915492956, 0.2323943661971831, 0.2535211267605634, 0.2676056338028169, 0.3028169014084507, 0.31690140845070425, 0.323943661971831, 0.352112676056338, 0.36619718309859156, 0.3732394366197183, 0.39436619718309857, 0.4084507042253521, 0.44366197183098594, 0.45774647887323944, 0.5140845070422535, 0.647887323943662, 1.0], "tpr": [0.0, 0.02702702702702703, 0.13513513513513514, 0.1891891891891892, 0.24324324324324326, 0.32432432432432434, 0.4594594594594595, 0.4594594594594595, 0.5945945945945946, 0.5945945945945946, 0.6756756756756757, 0.6756756756756757, 0.7027027027027027, 0.7027027027027027, 0.8108108108108109, 0.8378378378378378, 0.8378378378378378, 0.8918918918918919, 0.8918918918918919, 0.918918918918919, 0.918918918918919, 0.972972972972973, 0.972972972972973, 1.0, 1.0, 1.0, 1.0, 1.0, 1.0, 1.0, 1.0, 1.0, 1.0, 1.0, 1.0, 1.0, 1.0, 1.0, 1.0, 1.0, 1.0, 1.0, 1.0, 1.0], "thresholds": ["inf", 0.9366666674613953, 0.9300000071525574, 0.9100000262260437, 0.9066666960716248, 0.8999999761581421, 0.8533333539962769, 0.8500000238418579, 0.8133333325386047, 0.7699999809265137, 0.699999988079071, 0.6899999976158142, 0.6600000262260437, 0.6000000238418579, 0.5600000023841858, 0.5400000214576721, 0.47333332896232605, 0.4266666769981384, 0.4166666567325592, 0.41333332657814026, 0.3733333349227905, 0.3633333444595337, 0.18666666746139526, 0.16333332657814026, 0.15333333611488342, 0.1133333370089531, 0.10999999940395355, 0.10333333164453506, 0.10000000149011612, 0.0833333358168602, 0.06666667014360428, 0.04333333298563957, 0.036666665226221085, 0.03333333507180214, 0.029999999329447746, 0.02666666731238365, 0.023333333432674408, 0.019999999552965164, 0.01666666753590107, 0.013333333656191826, 0.009999999776482582, 0.006666666828095913, 0.0033333334140479565, 0.0], "support": 37}, "3": {"auc": 0.9937499999999999, "fpr": [0.0, 0.0, 0.0, 0.0, 0.0, 0.0, 0.0, 0.0, 0.0, 0.0, 0.0, 0.0, 0.0, 0.0, 0.0, 0.0, 0.0125, 0.0125, 0.025, 0.025, 0.075, 0.075, 0.1, 0.125, 0.1375, 0.1625, 0.175, 0.1875, 0.2, 0.225, 0.2375, 0.2875, 0.3, 0.35, 0.3875, 0.4125, 0.4625, 0.5, 0.525, 0.5375, 0.5625, 0.65, 1.0], "tpr": [0.0, 0.25252525252525254, 0.36363636363636365, 0.48484848484848486, 0.5353535353535354, 0.5757575757575758, 0.5959595959595959, 0.6161616161616161, 0.6464646464646465, 0.6565656565656566, 0.6767676767676768, 0.7070707070707071, 0.7272727272727273, 0.7575757575757576, 0.7777777777777778, 0.8787878787878788, 0.8787878787878788, 0.9494949494949495, 0.9595959595959596, 0.9696969696969697, 0.9696969696969697, 0.9797979797979798, 0.9797979797979798, 0.9797979797979798, 0.9797979797979798, 0.9797979797979798, 0.9797979797979798, 0.98989898989899, 0.98989898989899, 0.98989898989899, 1.0, 1.0, 1.0, 1.0, 1.0, 1.0, 1.0, 1.0, 1.0, 1.0, 1.0, 1.0, 1.0], "thresholds": ["inf", 1.0, 0.996666669845581, 0.9900000095367432, 0.9866666793823242, 0.9833333492279053, 0.9800000190734863, 0.9733333587646484, 0.9700000286102295, 0.9666666388511658, 0.9633333086967468, 0.95333331823349, 0.949999988079071, 0.9333333373069763, 0.9133333563804626, 0.8233333230018616, 0.8066666722297668, 0.5433333516120911, 0.5099999904632568, 0.4699999988079071, 0.3633333444595337, 0.19333332777023315, 0.17000000178813934, 0.1666666716337204, 0.15666666626930237, 0.14666666090488434, 0.12666666507720947, 0.12333333492279053, 0.11666666716337204, 0.10999999940395355, 0.1066666692495346, 0.10000000149011612, 0.09333333373069763, 0.08666666597127914, 0.0833333358168602, 0.07666666805744171, 0.07333333045244217, 0.06333333253860474, 0.05999999865889549, 0.05666666850447655, 0.0533333346247673, 0.006666666828095913, 0.0], "support": 99}}}, "precision_recall_curve": {"average_precision_macro": 0.9715819332596872, "average_precision_weighted": 0.9804500984286749, "per_class": {"1": {"average_precision": 0.9914653176281083, "precision": [0.24022346368715083, 0.3359375, 0.3644067796610169, 0.4215686274509804, 0.45263157894736844, 0.48314606741573035, 0.4942528735632184, 0.5058823529411764, 0.5180722891566265, 0.5375, 0.5512820512820513, 0.581081081081081, 0.5972222222222222, 0.6056338028169014, 0.6142857142857143, 0.6231884057971014, 0.6323529411764706, 0.6515151515151515, 0.671875, 0.6825396825396826, 0.6935483870967742, 0.7049180327868853, 0.7288135593220338, 0.7413793103448276, 0.7678571428571429, 0.7818181818181819, 0.7777777777777778, 0.7924528301886793, 0.8076923076923077, 0.8235294117647058, 0.84, 0.8571428571428571, 0.875, 0.8913043478260869, 0.9111111111111111, 0.9318181818181818, 0.9534883720930233, 0.9761904761904762, 0.975609756097561, 1.0, 1.0, 1.0, 1.0, 1.0, 1.0, 1.0, 1.0, 1.0, 1.0, 1.0, 1.0, 1.0, 1.0, 1.0, 1.0], "recall": [1.0, 1.0, 1.0, 1.0, 1.0, 1.0, 1.0, 1.0, 1.0, 1.0, 1.0, 1.0, 1.0, 1.0, 1.0, 1.0, 1.0, 1.0, 1.0, 1.0, 1.0, 1.0, 1.0, 1.0, 1.0, 1.0, 0.9767441860465116, 0.9767441860465116, 0.9767441860465116, 0.9767441860465116, 0.9767441860465116, 0.9767441860465116, 0.9767441860465116, 0.9534883720930233, 0.9534883720930233, 0.9534883720930233, 0.9534883720930233, 0.9534883720930233, 0.9302325581395349, 0.9302325581395349, 0.9069767441860465, 0.8837209302325582, 0.8604651162790697, 0.8372093023255814, 0.813953488372093, 0.7906976744186046, 0.7674418604651163, 0.7441860465116279, 0.7209302325581395, 0.6976744186046512, 0.6744186046511628, 0.6511627906976745, 0.627906976744186, 0.46511627906976744, 0.0],