{"importance": {"Fare": 0.45363128491620114, "Age": 0.06256983240223465, "Cabin": 0.06256983240223465, "SibSp": 0.05251396648044693, "Parch": 0.03463687150837991, "PassengerId": 0.0033519553072625997, "Name": 0.0022346368715083996, "Ticket": 0.0, "Sex": 0.0, "Survived": -0.0011173184357541777, "Embarked": -0.003351955307262555}, "stddev": {"Fare": 0.008286255292844307, "Age": 0.007284025033745994, "Cabin": 0.014460535313457826, "SibSp": 0.009348156721051113, "Parch": 0.010746024615458856, "PassengerId": 0.00636969511228567, "Name": 0.00636969511228567, "Ticket": 0.0, "Sex": 0.0, "Survived": 0.0082862552928443, "Embarked": 0.004996799949720189}, "p_value": {"Fare": 1.3353936403423773e-08, "Age": 2.164710864106343e-05, "Cabin": 0.0003192612040867049, "SibSp": 0.00011557279473975573, "Parch": 0.0009822900572929614, "PassengerId": 0.15227939234026502, "Name": 0.23831033363641826, "Ticket": 0.5, "Sex": 0.5, "Survived": 0.6109752255499885, "Embarked": 0.8959999999999997}, "n": {"Fare": 5, "Age": 5, "Cabin": 5, "SibSp": 5, "Parch": 5, "PassengerId": 5, "Name": 5, "Ticket": 5, "Sex": 5, "Survived": 5, "Embarked": 5}, "p99_high": {"Fare": 0.4706927990923867, "Age": 0.07756774062264254, "Cabin": 0.09234427447848226, "SibSp": 0.07176195037434781, "Parch": 0.05676308471745385, "PassengerId": 0.01646724558200118, "Name": 0.015349927146246979, "Ticket": 0.0, "Sex": 0.0, "Survived": 0.015944195740431398, "Embarked": 0.006936524852326017}, "p99_low": {"Fare": 0.4365697707400156, "Age": 0.04757192418182677, "Cabin": 0.032795390325987044, "SibSp": 0.03326598258654605, "Parch": 0.012510658299305966, "PassengerId": -0.00976333496747598, "Name": -0.010880653403230179, "Ticket": 0.0, "Sex": 0.0, "Survived": -0.018178832611939755, "Embarked": -0.013640435466851127}}