{"accuracy": 0.9385474860335196, "balanced_accuracy": 0.9215981309004565, "mcc": 0.8963607131816101}