{"task_type": "binary", "positive_class": 1, "num_samples": 179, "num_positive": 69, "num_negative": 110, "roc_curve": {"auc": 0.8599472990777338, "fpr": [0.0, 0.0, 0.0, 0.00909090909090909, 0.00909090909090909, 0.00909090909090909, 0.02727272727272727, 0.02727272727272727, 0.03636363636363636, 0.03636363636363636, 0.045454545454545456, 0.045454545454545456, 0.05454545454545454, 0.05454545454545454, 0.07272727272727272, 0.07272727272727272, 0.08181818181818182, 0.08181818181818182, 0.09090909090909091, 0.09090909090909091, 0.1, 0.1, 0.13636363636363635, 0.13636363636363635, 0.15454545454545454, 0.15454545454545454, 0.16363636363636364, 0.16363636363636364, 0.18181818181818182, 0.18181818181818182, 0.2, 0.2, 0.21818181818181817, 0.21818181818181817, 0.23636363636363636, 0.23636363636363636, 0.24545454545454545, 0.24545454545454545, 0.2545454545454545, 0.2545454545454545, 0.35454545454545455, 0.35454545454545455, 0.43636363636363634, 0.43636363636363634, 0.4818181818181818, 0.4818181818181818, 0.4909090909090909, 0.509090909090909, 0.6090909090909091, 0.6090909090909091, 0.7363636363636363, 0.7363636363636363, 0.7454545454545455, 0.7454545454545455, 0.9, 0.9, 1.0], "tpr": [0.0, 0.014492753623188406, 0.2028985507246377, 0.2028985507246377, 0.2608695652173913, 0.2898550724637681, 0.2898550724637681, 0.42028985507246375, 0.42028985507246375, 0.4492753623188406, 0.4492753623188406, 0.4782608695652174, 0.4782608695652174, 0.5797101449275363, 0.5797101449275363, 0.5942028985507246, 0.5942028985507246, 0.6376811594202898, 0.6376811594202898, 0.6521739130434783, 0.6521739130434783, 0.6666666666666666, 0.6666666666666666, 0.6811594202898551, 0.6811594202898551, 0.7246376811594203, 0.7246376811594203, 0.7536231884057971, 0.7536231884057971, 0.7681159420289855, 0.7681159420289855, 0.7971014492753623, 0.7971014492753623, 0.8115942028985508, 0.8115942028985508, 0.8260869565217391, 0.8260869565217391, 0.855072463768116, 0.855072463768116, 0.8695652173913043, 0.8695652173913043, 0.8840579710144928, 0.8840579710144928, 0.9130434782608695, 0.9130434782608695, 0.927536231884058, 0.927536231884058, 0.927536231884058, 0.927536231884058, 0.9420289855072463, 0.9420289855072463, 0.9565217391304348, 0.9565217391304348, 0.9710144927536232, 0.9710144927536232, 1.0, 1.0], "thresholds": ["inf", 0.6620321869850159, 0.6543111205101013, 0.6542978882789612, 0.6477450132369995, 0.6464085578918457, 0.6401432156562805, 0.6234697103500366, 0.6212589144706726, 0.6083361506462097, 0.6026448607444763, 0.5834189653396606, 0.5832663774490356, 0.5590527057647705, 0.5479502081871033, 0.5323392748832703, 0.5125236511230469, 0.5045161843299866, 0.4992644190788269, 0.48761460185050964, 0.48632383346557617, 0.4807242453098297, 0.46876510977745056, 0.42906996607780457, 0.4283701181411743, 0.40313249826431274, 0.4029577672481537, 0.38543805480003357, 0.3785691261291504, 0.36377987265586853, 0.3444458246231079, 0.3418892025947571, 0.3333360254764557, 0.3328133821487427, 0.3304963707923889, 0.3270537555217743, 0.32419338822364807, 0.3172985315322876, 0.31452828645706177, 0.3131886422634125, 0.28114476799964905, 0.27796655893325806, 0.2674005627632141, 0.2634294927120209, 0.2509477734565735, 0.25016164779663086, 0.24995310604572296, 0.24912823736667633, 0.2404295951128006, 0.23917841911315918, 0.2268722951412201, 0.2258032262325287, 0.22551801800727844, 0.22450551390647888, 0.21511229872703552, 0.2150679975748062, 0.21237967908382416], "support": 69}, "precision_recall_curve": {"average_precision": 0.8220274572678312, "precision": [0.3854748603351955, 0.38764044943820225, 0.3898305084745763, 0.39204545454545453, 0.3942857142857143, 0.39655172413793105, 0.3988439306358382, 0.4011627906976744, 0.40350877192982454, 0.40588235294117647, 0.40828402366863903, 0.4107142857142857, 0.40718562874251496, 0.4036144578313253, 0.40606060606060607, 0.40853658536585363, 0.4110429447852761, 0.41358024691358025, 0.4161490683229814, 0.41875, 0.42138364779874216, 0.4240506329113924, 0.4267515923566879, 0.42948717948717946, 0.432258064516129, 0.43506493506493504, 0.43790849673202614, 0.4407894736842105, 0.44370860927152317, 0.44666666666666666, 0.44966442953020136, 0.44594594594594594, 0.4489795918367347, 0.4452054794520548, 0.4482758620689655, 0.4513888888888889, 0.45454545454545453, 0.45774647887323944, 0.46099290780141844, 0.4642857142857143, 0.4676258992805755, 0.47101449275362317, 0.4744525547445255, 0.47794117647058826, 0.48148148148148145, 0.48507462686567165, 0.48872180451127817, 0.49242424242424243, 0.48854961832061067, 0.49230769230769234, 0.49612403100775193, 0.5, 0.5039370078740157, 0.5079365079365079, 0.512, 0.5161290322580645, 0.5203252032520326, 0.5245901639344263, 0.5289256198347108, 0.5333333333333333, 0.5423728813559322, 0.5470085470085471, 0.5431034482758621, 0.5478260869565217, 0.5526315789473685, 0.5575221238938053, 0.5625, 0.5675675675675675, 0.5636363636363636, 0.5596330275229358, 0.5648148148148148, 0.5700934579439252, 0.5754716981132075, 0.580952380952381, 0.5865384615384616, 0.5922330097087378, 0.5980392156862745, 0.6039603960396039, 0.61, 0.6060606060606061, 0.6122448979591837, 0.6185567010309279, 0.625, 0.631578947368421, 0.6382978723404256, 0.6451612903225806, 0.6521739130434783, 0.6593406593406593, 0.6666666666666666, 0.6741573033707865, 0.6818181818181818, 0.6781609195402298, 0.686046511627907, 0.6823529411764706, 0.6785714285714286, 0.6867469879518072, 0.6829268292682927, 0.691358024691358, 0.7, 0.6962025316455697, 0.7051282051282052, 0.7142857142857143, 0.7105263157894737, 0.7066666666666667, 0.7162162162162162, 0.726027397260274, 0.7222222222222222, 0.7323943661971831, 0.7428571428571429, 0.7391304347826086, 0.7352941176470589, 0.746268656716418, 0.7424242424242424, 0.7384615384615385, 0.734375, 0.746031746031746, 0.7580645161290323, 0.7540983606557377, 0.7666666666666667, 0.7796610169491526, 0.7931034482758621, 0.8070175438596491, 0.8035714285714286, 0.8181818181818182, 0.8148148148148148, 0.8301886792452831, 0.8269230769230769, 0.8235294117647058, 0.82, 0.8367346938775511, 0.8333333333333334, 0.851063829787234, 0.8695652173913043, 0.8666666666666667, 0.8636363636363636, 0.8604651162790697, 0.8571428571428571, 0.8536585365853658, 0.85, 0.8461538461538461, 0.868421052631579, 0.8648648648648649, 0.8611111111111112, 0.8857142857142857, 0.8823529411764706, 0.8787878787878788, 0.90625, 0.9032258064516129, 0.9, 0.896551724137931, 0.8928571428571429, 0.8888888888888888, 0.8846153846153846, 0.88, 0.875, 0.8695652173913043, 0.9090909090909091, 0.9523809523809523, 0.9473684210526315, 0.9444444444444444, 0.9411764705882353, 0.9375, 0.9333333333333333, 1.0, 1.0, 1.0, 1.0, 1.0, 1.0, 1.0, 1.0, 1.0, 1.0, 1.0, 1.0, 1.0, 1.0, 1.0],