{"accuracy": 0.8100558659217877, "balanced_accuracy": 0.777931488801054, "mcc": 0.5926051618768544, "roc_auc": 0.8599472990777337, "f1": 0.7213114754098361, "precision": 0.8301886792452831, "recall": 0.6376811594202898}